1111111165652;Works Bell WB-010519 Rapfix Short Boss Steering Hub Porsche 996 C2/C4 97-05
1111111165669;Works Bell WB-010519 Rapfix Short Boss Steering Hub Porsche Boxster 96-04
3663399022830;Peugeot 125 Looxor- 02/07- DEMARREUR Neuf- 010519
3663399022847;Marque Generique Piaggio X7 X8 X9 125/200 MOTEUR Leader demarreur Neuf 010519
3666016111894;Tecnium Aprilia / Derbi / Gilera / PÏAGGIO / Peugeot - Demarreur Pour Moteur Leader 010519
4006633009324;Mercedes-Benz Brake Master Cylinder 010519 ATE
4011240010519;010519 Starmix Kosmetikspiegel 3- fach Vergrößerung MW 12 U chr
4250237279083;Osram Leuchtstoffröhre 18W/76 Natura Lebensmittellampe 010519
7613081057639;ABC 010519 Gruß- /Beileidskarte
8012823010519;Relais Circuit Imprime 1Rt 10A 240Vac Agni+5Μau Pas 5Mm Lavable Finder 010519
0112558929136;Não encontrado
012502638964;Não encontrado
0181652000638;Arnold Nutrition NOXI-2 - 90 Tabletes
0181652011009;Argipro - Arnold Nutrition
0181652011528;L Carnitine 60 Cápsulas Arnold Nutrition
